<addon id="plugin.video.alkoflix" name="alkoFlix" provider-name="Les alKODIques" version="1.0.0">
    <requires>
        <import addon="xbmc.python" version="3.0.0"/>
        <import addon="script.module.requests" version="2.19.1"/>
    </requires>
    <extension library="resources/lib/alkoflix.py" point="xbmc.python.pluginsource">
        <provides>video</provides>
    </extension>
    <extension library="resources/lib/service.py" point="xbmc.service"/>
    <extension library="resources/lib/" point="xbmc.python.module"/>
    <extension point="xbmc.addon.metadata">
        <reuselanguageinvoker>true</reuselanguageinvoker>
        <summary lang="en">Access your favorite movies and series with AllDebrid.</summary>
        <summary lang="fr">Accédez à vos films et séries préférées grâce à AllDebrid.</summary>
        <description lang="en">This addon is intended for AllDebrid premium account holders. If you are not a premium subscriber to this service, alkoFlix will not work for you.</description>
        <description lang="fr">Cet addon est destiné aux titulaires de comptes premium AllDebrid. Si vous n'êtes pas abonné premium à ce service, alkoFlix ne fonctionnera pas pour vous.</description>
        <platform>all</platform>
		<disclaimer lang="en">The creators of this addon do not host any of the content indexed and have no affiliation with the providers of this content..</disclaimer>
		<disclaimer lang="fr">Les créateurs de cet addon n'hébergent aucun des contenus indexés, et n'ont aucune affiliation avec les fournisseurs de ces contenus.</disclaimer>
        <license>GNU GENERAL PUBLIC LICENSE. Version 3, 29 June 2007</license>
        <assets>
            <icon>resources/media/alkoflix_icon.png</icon>
            <fanart>resources/media/alkoflix_fanart.png</fanart>
        </assets>
        <news>INFO : Pour connaître les nouveautés, consultez le journal des modifications dans le menu Outils..</news>
    </extension>
</addon>
